﻿pos_x,pos_y,rotation,side,designator,mpn,pack,value,mount_type,place
165.075,-81.28,180.0,top,C1,,C_0201_0603Metric,0.1u,smt,True
168.402,-81.28,0.0,top,C2,,C_0402_1005Metric,10uF,smt,True
171.704,-81.28,180.0,top,C3,,C_0201_0603Metric,0.1uF,smt,True
176.276,-86.893,-90.0,top,C4,,C_0201_0603Metric,0.1uF,smt,True
176.276,-84.419,90.0,top,C5,,C_0402_1005Metric,10uF,smt,True
176.276,-81.747,-90.0,top,C6,,C_0201_0603Metric,1uF,smt,True
175.26,-104.14,180.0,top,D1,,D_DO-41_SOD81_P10.16mm_Horizontal,1N4002,tht,True
175.26,-99.89,180.0,top,D2,,D_DO-41_SOD81_P10.16mm_Horizontal,1N4002,tht,True
162.052,-81.28,0.0,top,D3,,LED_0603_1608Metric,LED,smt,True
185.018,-97.48,90.0,top,J1,,2923035,292303-5,tht,True
138.43,-99.357,-90.0,top,J2,,618009231121,618009231121,tht,True
158.496,-91.186,-90.0,top,R1,,R_1206_3216Metric,400,smt,True
158.496,-86.106,-90.0,top,R2,,R_1206_3216Metric,240,smt,True
158.496,-81.625,-90.0,top,R3,,R_0805_2012Metric,85,smt,True
167.894,-89.408,90.0,top,U1,,SSOP-28_5.3x10.2mm_P0.65mm,FT232RL,smt,True
151.638,-103.124,-90.0,top,U2,,SOT230P700X180-4N,LM317DCY,smt,True
