﻿designator,quantity,value,pack,mpn,mount_type
C1,1,0.1u,C_0201_0603Metric,,smt
"C2, C5",2,10uF,C_0402_1005Metric,,smt
"C3, C4",2,0.1uF,C_0201_0603Metric,,smt
C6,1,1uF,C_0201_0603Metric,,smt
"D1, D2",2,1N4002,D_DO-41_SOD81_P10.16mm_Horizontal,,tht
D3,1,LED,LED_0603_1608Metric,,smt
J1,1,292303-5,2923035,,tht
J2,1,618009231121,618009231121,,tht
R1,1,400,R_1206_3216Metric,,smt
R2,1,240,R_1206_3216Metric,,smt
R3,1,85,R_0805_2012Metric,,smt
U1,1,FT232RL,SSOP-28_5.3x10.2mm_P0.65mm,,smt
U2,1,LM317DCY,SOT230P700X180-4N,,smt
